{
  "version": 1,
  "author": "Anonymous maker",
  "editor": "wokwi",
  "parts": [
    { "type": "wokwi-breadboard-half", "id": "bb1", "top": -175.8, "left": -93.2, "attrs": {} },
    { "type": "wokwi-arduino-uno", "id": "uno", "top": -172.2, "left": -375, "attrs": {} },
    {
      "type": "wokwi-led",
      "id": "led1",
      "top": 20.8,
      "left": -63,
      "rotate": 180,
      "attrs": { "color": "cyan" }
    },
    {
      "type": "wokwi-led",
      "id": "led2",
      "top": 20.8,
      "left": -43.8,
      "rotate": 180,
      "attrs": { "color": "magenta" }
    },
    {
      "type": "wokwi-led",
      "id": "led3",
      "top": 20.8,
      "left": -24.6,
      "rotate": 180,
      "attrs": { "color": "white" }
    },
    {
      "type": "wokwi-led",
      "id": "led4",
      "top": 20.8,
      "left": -5.4,
      "rotate": 180,
      "attrs": { "color": "magenta" }
    },
    {
      "type": "wokwi-led",
      "id": "led5",
      "top": 20.8,
      "left": 13.8,
      "rotate": 180,
      "attrs": { "color": "cyan" }
    },
    {
      "type": "wokwi-led",
      "id": "led6",
      "top": 20.8,
      "left": 33,
      "rotate": 180,
      "attrs": { "color": "red" }
    },
    {
      "type": "wokwi-led",
      "id": "led7",
      "top": 20.8,
      "left": 52.2,
      "rotate": 180,
      "attrs": { "color": "red" }
    },
    {
      "type": "wokwi-led",
      "id": "led8",
      "top": 20.8,
      "left": 71.4,
      "rotate": 180,
      "attrs": { "color": "red" }
    },
    {
      "type": "wokwi-resistor",
      "id": "r1",
      "top": -72,
      "left": -77.35,
      "rotate": 90,
      "attrs": { "value": "220" }
    },
    {
      "type": "wokwi-resistor",
      "id": "r2",
      "top": -72,
      "left": -19.75,
      "rotate": 90,
      "attrs": { "value": "220" }
    },
    {
      "type": "wokwi-resistor",
      "id": "r3",
      "top": -72,
      "left": -58.15,
      "rotate": 90,
      "attrs": { "value": "220" }
    },
    {
      "type": "wokwi-resistor",
      "id": "r4",
      "top": -72,
      "left": -38.95,
      "rotate": 90,
      "attrs": { "value": "220" }
    },
    {
      "type": "wokwi-resistor",
      "id": "r5",
      "top": -72,
      "left": -0.55,
      "rotate": 90,
      "attrs": { "value": "220" }
    },
    {
      "type": "wokwi-resistor",
      "id": "r6",
      "top": -72,
      "left": 18.65,
      "rotate": 90,
      "attrs": { "value": "220" }
    },
    {
      "type": "wokwi-resistor",
      "id": "r7",
      "top": -72,
      "left": 37.85,
      "rotate": 90,
      "attrs": { "value": "220" }
    },
    {
      "type": "wokwi-resistor",
      "id": "r8",
      "top": -72,
      "left": 57.05,
      "rotate": 90,
      "attrs": { "value": "220" }
    }
  ],
  "connections": [
    [ "uno:2", "bb1:3t.a", "cyan", [ "v-19.2", "h90.5" ] ],
    [ "uno:3", "bb1:5t.a", "violet", [ "v-28.8", "h119.2" ] ],
    [ "uno:4", "bb1:7t.a", "white", [ "v-38.4", "h147.9", "v67.2" ] ],
    [ "uno:5", "bb1:9t.a", "violet", [ "v-48", "h167" ] ],
    [ "uno:6", "bb1:11t.a", "cyan", [ "v-57.6", "h195.7" ] ],
    [ "uno:7", "bb1:13t.a", "green", [ "v-67.2", "h234" ] ],
    [ "bb1:15t.a", "uno:8", "green", [ "v-115.2", "h-268.8" ] ],
    [ "uno:9", "bb1:17t.a", "green", [ "v-86.4", "h279.2" ] ],
    [ "uno:GND.2", "bb1:bn.1", "black", [ "v0" ] ],
    [ "r1:1", "bb1:3t.d", "", [ "$bb" ] ],
    [ "r1:2", "bb1:3b.h", "", [ "$bb" ] ],
    [ "r2:1", "bb1:9t.d", "", [ "$bb" ] ],
    [ "r2:2", "bb1:9b.h", "", [ "$bb" ] ],
    [ "r3:1", "bb1:5t.d", "", [ "$bb" ] ],
    [ "r3:2", "bb1:5b.h", "", [ "$bb" ] ],
    [ "r4:1", "bb1:7t.d", "", [ "$bb" ] ],
    [ "r4:2", "bb1:7b.h", "", [ "$bb" ] ],
    [ "r5:1", "bb1:11t.d", "", [ "$bb" ] ],
    [ "r5:2", "bb1:11b.h", "", [ "$bb" ] ],
    [ "r6:1", "bb1:13t.d", "", [ "$bb" ] ],
    [ "r6:2", "bb1:13b.h", "", [ "$bb" ] ],
    [ "r7:1", "bb1:15t.d", "", [ "$bb" ] ],
    [ "r7:2", "bb1:15b.h", "", [ "$bb" ] ],
    [ "r8:1", "bb1:17t.d", "", [ "$bb" ] ],
    [ "r8:2", "bb1:17b.h", "", [ "$bb" ] ],
    [ "led1:A", "bb1:3b.j", "cyan", [ "v0" ] ],
    [ "led2:A", "bb1:5b.j", "violet", [ "v0" ] ],
    [ "led3:A", "bb1:7b.j", "white", [ "v0" ] ],
    [ "led4:A", "bb1:9b.j", "violet", [ "v0" ] ],
    [ "led5:A", "bb1:11b.j", "cyan", [ "v0" ] ],
    [ "led6:A", "bb1:13b.j", "green", [ "v0" ] ],
    [ "led7:A", "bb1:15b.j", "green", [ "v0" ] ],
    [ "led8:A", "bb1:17b.j", "green", [ "v0" ] ],
    [ "led1:C", "bb1:bn.3", "cyan", [ "v0" ] ],
    [ "bb1:bn.5", "led2:C", "violet", [ "h1.6", "v8.3" ] ],
    [ "led3:C", "bb1:bn.6", "white", [ "v0" ] ],
    [ "led4:C", "bb1:bn.8", "violet", [ "v0" ] ],
    [ "led5:C", "bb1:bn.10", "cyan", [ "v0" ] ],
    [ "led6:C", "bb1:bn.11", "green", [ "v0" ] ],
    [ "led7:C", "bb1:bn.13", "green", [ "v0" ] ],
    [ "led8:C", "bb1:bn.15", "green", [ "v0" ] ]
  ],
  "dependencies": {}
}