{
  "version": 1,
  "author": "Anonymous maker",
  "editor": "wokwi",
  "parts": [
    { "type": "wokwi-breadboard-half", "id": "bb1", "top": 102.6, "left": -74, "attrs": {} },
    { "type": "wokwi-arduino-uno", "id": "uno", "top": 355.8, "left": -67.8, "attrs": {} },
    { "type": "wokwi-lcd1602", "id": "lcd1", "top": -63.77, "left": -60.8, "attrs": {} },
    { "type": "wokwi-potentiometer", "id": "pot1", "top": 113.9, "left": 268.6, "attrs": {} }
  ],
  "connections": [
    [ "uno:5V", "bb1:bp.25", "red", [ "v19.1", "h128.6" ] ],
    [ "uno:GND.1", "bb1:bn.24", "black", [ "v-19.2", "h173.1" ] ],
    [ "lcd1:K", "bb1:bn.23", "black", [ "v19.2", "h94.4" ] ],
    [ "lcd1:A", "bb1:bp.24", "red", [ "v28.8", "h113.5" ] ],
    [ "lcd1:D7", "uno:12", "yellow", [ "v268.8", "h-28.5" ] ],
    [ "lcd1:D6", "uno:11", "orange", [ "v259.2", "h-9.4" ] ],
    [ "lcd1:D5", "uno:10", "purple", [ "v249.6", "h0.1" ] ],
    [ "lcd1:D4", "uno:9", "green", [ "v240", "h28.8" ] ],
    [ "lcd1:E", "uno:8", "#8f4814", [ "v230.4", "h86" ] ],
    [ "lcd1:RW", "bb1:bn.22", "black", [ "v9.6", "h191.9" ] ],
    [ "lcd1:RS", "uno:7", "gray", [ "v220.8", "h125.1" ] ],
    [ "pot1:SIG", "lcd1:V0", "blue", [ "v-124.8", "h-317.2" ] ],
    [ "lcd1:VDD", "bb1:bp.21", "red", [ "v38.4", "h211.3" ] ],
    [ "pot1:GND", "bb1:bn.21", "black", [ "v134.4", "h-105.6" ] ],
    [ "pot1:VCC", "bb1:bn.20", "red", [ "v144", "h-144.8" ] ],
    [ "lcd1:VSS", "bb1:bn.19", "black", [ "v28.8", "h-48", "v220.8", "h240" ] ]
  ],
  "dependencies": {}
}