{
  "version": 1,
  "author": "Anonymous maker",
  "editor": "wokwi",
  "parts": [
    { "type": "wokwi-breadboard-half", "id": "bb1", "top": 25.8, "left": -256.4, "attrs": {} },
    { "type": "wokwi-arduino-uno", "id": "uno", "top": -220.2, "left": -231, "attrs": {} },
    {
      "type": "wokwi-resistor",
      "id": "r1",
      "top": 110.4,
      "left": -259.75,
      "rotate": 90,
      "attrs": { "value": "10000" }
    },
    {
      "type": "wokwi-resistor",
      "id": "r2",
      "top": 128.2,
      "left": -202.45,
      "rotate": 270,
      "attrs": { "value": "220" }
    },
    { "type": "wokwi-led", "id": "led1", "top": -22.8, "left": -265, "attrs": { "color": "red" } },
    {
      "type": "wokwi-pushbutton",
      "id": "btn1",
      "top": 115.1,
      "left": -236.5,
      "rotate": 90,
      "attrs": { "color": "red", "bounce": "0" }
    }
  ],
  "connections": [
    [ "uno:5V", "bb1:tp.25", "red", [ "v38.3", "h3.8" ] ],
    [ "uno:GND.2", "bb1:tn.25", "black", [ "v28.7", "h109.5" ] ],
    [ "uno:13", "bb1:1b.g", "green", [ "v-28.8", "h-162.8", "v393.6" ] ],
    [ "uno:2", "r2:2", "green", [ "v-19.2", "h42.5", "v336", "h-220.8" ] ],
    [ "led1:A", "bb1:tn.1", "green", [ "v0" ] ],
    [ "led1:C", "bb1:1t.a", "green", [ "v0" ] ],
    [ "bb1:7b.i", "btn1:1.r", "green", [ "v0" ] ],
    [ "bb1:tp.1", "btn1:2.r", "red", [ "v0.3", "h-46.4", "v134.4" ] ],
    [ "bb1:7b.j", "bb1:tn.3", "green", [ "h48", "v-134.3" ] ],
    [ "r1:1", "bb1:1t.b", "", [ "$bb" ] ],
    [ "r1:2", "bb1:1b.f", "", [ "$bb" ] ],
    [ "r2:1", "bb1:7b.h", "", [ "$bb" ] ],
    [ "r2:2", "bb1:7t.d", "", [ "$bb" ] ],
    [ "btn1:1.l", "bb1:5t.d", "", [ "$bb" ] ],
    [ "btn1:2.l", "bb1:3t.d", "", [ "$bb" ] ],
    [ "btn1:1.r", "bb1:5b.i", "", [ "$bb" ] ],
    [ "btn1:2.r", "bb1:3b.i", "", [ "$bb" ] ]
  ],
  "dependencies": {}
}